AREACD,AREANM,house,salary,publicsector,degree,age,nonukborn,health
W07000052,Rhondda,100,5,38.9,14,33,2.1,70.6
E14000642,Clacton,100,5,26.1,13.4,39,4.3,70.9
E14000677,Easington,100,5,20.2,15.3,41,2.2,71.8
W07000071,Merthyr Tydfil and Rhymn,100,5,35.1,16.4,46,3.9,72.1
N06000004,Belfast West,100,5,null,15,41,3.9,72.5
W07000072,Blaenau Gwent,100,5,26.6,15.2,40,2.2,72.6
S14000032,Glasgow North East,100,5,20.4,16.7,43,11,72.8
W07000049,Aberavon,100,5,25.2,16.6,39,2.9,72.8
S14000030,Glasgow East,100,5,15.4,12.7,49,5.4,72.9
W07000070,Cynon Valley,100,5,31.9,17.4,38,2.7,73.1
N06000002,Belfast North,100,5,null,18.7,38,5.7,73.2
E14000794,"Liverpool, Walton",100,5,43.1,13.3,38,4.9,73.6
E14000573,Blackpool South,100,5,23.1,14.6,48,5.7,73.8
W07000069,Neath,100,5,27.6,20.7,44,2.3,73.8
E14000572,Blackpool North and Clev,100,5,41.7,17.6,46,4.7,73.9
W07000045,Llanelli,100,5,26.9,21,49,4.7,74
E14000542,Barnsley East,100,5,18.4,14.8,46,2.9,74.1
E14000798,Louth and Horncastle,100,5,18.1,19.8,40,3.3,74.3
E14000577,Bolsover,100,5,15.1,16.3,35,3,74.4
E14000754,Houghton and Sunderland,100,5,21.4,16.7,32,2,74.4
W07000074,Ogmore,100,5,23.1,18,46,2.4,74.6
E14001028,Wentworth and Dearne,100,5,16.3,15.5,42,2.4,74.8
W07000077,Islwyn,100,5,22.8,18.1,43,2.1,74.8
E14000775,Knowsley,100,5,19.3,14.3,37,2,74.9
E14000740,Hemsworth,100,5,19.4,18.4,43,4.3,75.1
E14000944,South Shields,100,5,36.1,18.6,40,4.2,75.2
W07000067,Carmarthen East and Dine,100,5,26.8,25.9,39,3.2,75.3
E14000836,"Normanton, Pontefract an",100,5,14.7,15,35,3.7,75.5
E14001050,Wolverhampton South East,100,5,7.4,13.9,45,15.5,75.6
E14000582,Boston and Skegness,100,5,18.7,14.4,32,11.3,75.6
E14001014,Wansbeck,100,5,39.1,22.4,43,2.4,75.6
E14000709,Gateshead,100,5,28.5,20.7,46,7.5,75.7
E14000535,Ashfield,100,5,23.6,14.6,36,3,75.7
W07000076,Caerphilly,100,5,29.7,20.6,36,2.7,75.7
E14000569,Bishop Auckland,100,5,22.4,20,46,2.4,75.7
E14000982,Sunderland Central,100,5,33.1,21.4,30,7.4,75.8
E14000810,Mansfield,100,5,21,16.4,39,5.6,75.8
E14000541,Barnsley Central,100,5,30.1,17.1,37,4.4,75.8
E14000581,Bootle,100,5,32.1,16.5,37,3,75.8
W07000053,Torfaen,100,5,30.4,19.3,48,2.6,75.8
E14001011,Walsall North,100,5,17.5,12.3,44,6.2,75.9
E14000559,Birkenhead,100,5,23,19.9,37,4.7,75.9
E14000915,Sedgefield,100,5,13.5,21.2,32,2.6,75.9
E14000840,North Durham,100,5,18.3,20.2,38,2.2,75.9
E14000891,Redcar,100,5,18.6,16.8,45,2.2,75.9
W07000048,Swansea East,100,5,37,17.9,42,6,76
E14000733,Hartlepool,100,5,23.7,17.6,44,2.8,76
E14000973,Stoke-on-Trent North,100,5,17.3,13.7,46,7,76.1
E14000632,Chesterfield,100,5,32.6,21.7,42,3.9,76.1
E14000866,Nottingham North,100,5,20.9,13.3,28,11.2,76.2
S14000035,Glasgow South West,100,5,28.7,16.2,42,8.7,76.2
E14000796,"Liverpool, West Derby",100,5,47.3,17.2,36,5.8,76.2
E14001020,Washington and Sunderlan,100,5,20.5,15.9,42,2.4,76.2
E14000561,"Birmingham, Erdington",100,5,17.8,16.8,43,15,76.3
E14000904,Rotherham,100,5,30.7,14.3,45,9.6,76.3
E14000717,Great Yarmouth,100,5,21.2,14.2,33,6.5,76.3
E14000848,North Norfolk,100,5,14.7,22.6,37,4,76.3
E14000856,North West Durham,100,5,15.2,23.5,31,2.7,76.3
E14001029,West Bromwich East,100,5,26.1,15.3,40,17.1,76.4
E14000852,North Thanet,100,5,25,19.5,32,6.1,76.4
E14000765,Jarrow,100,5,18.5,19.7,41,2.4,76.4
E14001030,West Bromwich West,100,5,11.8,13.1,45,11.9,76.5
E14000999,Torbay,100,5,31.5,20.7,39,6,76.5
E14000609,Burnley,100,5,22.9,18.7,32,7.7,76.6
W07000060,Vale of Clwyd,100,5,36.9,21.8,46,4.3,76.6
E14000921,"Sheffield, Brightside an",100,5,31.6,15.5,35,14.7,76.7
E14000974,Stoke-on-Trent South,100,5,14.2,15.8,43,5.2,76.7
E14000708,Garston and Halewood,100,5,13.2,22,33,5.1,76.7
E14000963,St Helens South and Whis,100,5,27,20.3,38,3,76.7
E14000948,South Thanet,100,5,17.6,21.9,42,9,76.8
E14000735,Hastings and Rye,100,5,23.6,21.8,34,8.2,76.8
E14000671,Dudley North,100,5,41.7,17,50,7.1,76.8
E14000879,"Plymouth, Moor View",100,5,37.9,15.7,40,4.7,76.8
E14000669,Doncaster North,100,5,20.6,14.3,40,3.1,76.8
E14000543,Barrow and Furness,100,5,21,22.3,47,3,76.8
E14001049,Wolverhampton North East,100,5,44.8,15,45,12.3,76.9
E14000923,"Sheffield, Heeley",100,5,20.6,21.7,40,7.3,76.9
E14000962,St Helens North,100,5,17.5,20.7,41,2.5,76.9
E14000773,Kingston upon Hull West,100,5,24.4,16.1,38,10.3,77
E14000537,Ashton-under-Lyne,100,5,29.3,15.4,41,9.3,77
E14000853,North Tyneside,100,5,11.7,20.2,34,3.9,77
E14001010,Wallasey,100,5,26.6,20.2,40,3.8,77
E14000571,Blackley and Broughton,100,5,34.2,19.8,28,26.4,77.1
N06000018,West Tyrone,100,5,null,20.2,46,6.8,77.1
W07000066,Carmarthen West and Sout,100,5,31.6,25,37,4.7,77.2
E14000771,Kingston upon Hull East,100,5,14.8,12.3,38,3.9,77.2
E14000667,Don Valley,100,5,21.9,18.2,52,3.7,77.2
E14000575,Blyth Valley,100,5,13.6,18.7,39,2.3,77.2
E14000972,Stoke-on-Trent Central,100,5,31.2,17.1,44,11.6,77.3
E14000920,Sheffield South East,100,5,8.1,16.1,40,8.6,77.3
E14000762,Isle of Wight,100,5,21.4,22.6,45,5.2,77.3
E14000546,Bassetlaw,100,5,18.6,19.8,39,4.8,77.3
E14000970,Stockton North,100,5,25.5,18.1,41,3.9,77.3
E14000574,Blaydon,100,5,8.8,23,39,2.6,77.3
E14001016,Warley,100,5,14.9,18.3,39,23,77.4
E14000897,Rochdale,100,5,25,19,43,15.6,77.4
E14000672,Dudley South,100,5,17.5,17.2,43,4.2,77.4
E14001039,Wigan,100,5,26.6,19.8,45,4.1,77.4
E14001022,Waveney,100,5,19.1,17.1,40,3.8,77.4
E14000843,North East Derbyshire,100,5,23.6,22.2,40,2.4,77.4
E14000819,Middlesbrough,100,5,34.6,16.9,42,10.6,77.5
E14000758,Hyndburn,100,5,17.2,19.5,44,7.3,77.5
N06000001,Belfast East,100,5,null,27.4,41,7,77.5
W07000059,Clwyd West,100,5,32.4,25.9,45,4,77.5
E14000568,"Birmingham, Yardley",100,5,14.5,16,30,17.9,77.6
E14000683,East Yorkshire,100,5,19.3,22.9,32,3.4,77.6
E14000563,"Birmingham, Hodge Hill",100,5,45.5,12.1,36,28.8,77.7
E14001012,Walsall South,100,5,25.3,18.3,42,18.1,77.7
N06000008,Foyle,100,5,null,21.8,45,7.3,77.7
E14000958,Southport,100,5,21.8,27,27,6.8,77.7
E14000913,Scarborough and Whitby,100,5,23.8,23,44,5.2,77.7
E14000859,North West Norfolk,100,5,25.6,19.5,35,8.3,77.8
E14000638,Christchurch,100,5,13.6,24.9,31,5.5,77.8
W07000073,Bridgend,100,5,33.3,26.6,35,4.6,77.8
E14000616,Camborne and Redruth,100,5,16.6,22.2,38,4.2,77.8
S14000059,West Dunbartonshire,100,5,39.1,16.5,35,3.1,77.8
E14000533,Amber Valley,100,5,20.3,18.7,38,2.7,77.8
E14000570,Blackburn,100,5,30.3,18.1,47,18.6,77.9
E14000871,Oldham West and Royton,100,5,27.5,16.4,42,15.2,77.9
E14000747,Heywood and Middleton,100,5,13.6,19.8,41,6.5,77.9
E14000825,Morecambe and Lunesdale,100,5,17.1,23.6,30,5,77.9
E14000924,Sherwood,100,5,19.7,20.5,39,2.9,77.9
E14000579,Bolton South East,100,5,25,16.4,28,15.9,78
E14000875,Pendle,100,5,13.5,20.2,34,10.9,78
E14000565,"Birmingham, Northfield",100,5,28.6,19.6,37,8.5,78
E14000842,North East Cambridgeshir,100,5,14.9,15.9,38,8.5,78
E14000833,Newcastle upon Tyne Nort,100,5,23.7,26.6,42,6.3,78
W07000068,Brecon and Radnorshire,100,5,30.9,27.8,37,4.6,78
E14000964,St Ives,100,5,16.3,26.6,35,4.5,78
E14000725,Halton,100,5,18.1,17.4,38,2.6,78
S14000033,Glasgow North West,100,5,32.8,29.2,40,9.9,78.1
E14000961,St Austell and Newquay,100,5,16,20.6,40,4.1,78.1
E14001055,Worthing West,100,5,29.5,25.5,41,8.5,78.2
E14000722,Halesowen and Rowley Reg,100,5,11.6,19,28,5.7,78.2
E14001001,Totnes,100,5,13.6,28.8,41,5,78.2
E14000820,Middlesbrough South and,100,5,24.3,22.4,38,2.7,78.2
E14001053,Workington,100,5,19.1,20.8,40,2.4,78.2
E14000661,Denton and Reddish,100,5,12.6,17.3,42,5,78.3
E14000911,Salford and Eccles,100,5,23.8,24.7,45,13.8,78.4
E14000684,Eastbourne,100,5,24.4,24.4,35,11.5,78.4
E14000578,Bolton North East,100,5,22.5,21.7,31,11.2,78.4
E14000576,Bognor Regis and Littleh,100,5,16.5,20.1,33,9.8,78.4
E14001054,Worsley and Eccles South,100,5,15.7,20.3,45,6.4,78.4
E14000557,Bexhill and Battle,100,5,13.8,25.9,43,6.2,78.4
W07000075,Pontypridd,100,5,28,25.8,44,4.5,78.4
E14000531,Aldridge-Brownhills,100,5,14.7,20.5,46,3.9,78.4
S14000003,Airdrie and Shotts,100,5,26.2,15.5,46,2.6,78.4
E14000663,Derby South,100,5,14.5,19.3,39,20.1,78.5
E14000704,Folkestone and Hythe,100,5,20.6,22.2,40,9,78.5
E14000670,Dover,100,5,25.8,20.7,38,7.5,78.5
E14001038,Weston-Super-Mare,100,5,18.4,23,40,6.5,78.5
E14000837,North Cornwall,100,5,13.8,23,40,4.5,78.5
E14000903,Rother Valley,100,5,18.3,20.5,46,2.9,78.5
E14000967,Stalybridge and Hyde,100,5,20.3,20.1,29,5.5,78.6
E14000785,Leigh,100,5,14.3,20.2,30,3.9,78.6
W07000041,Ynys M_n,100,5,24.7,26.1,41,3.5,78.6
E14000554,Berwick-upon-Tweed,100,5,17.2,25.9,43,3.2,78.6
E14000778,Leeds East,100,5,26.3,16.2,44,14.4,78.7
E14000795,"Liverpool, Wavertree",100,5,33.3,26.6,43,12.9,78.7
W07000047,Swansea West,100,5,30.2,27.9,29,12,78.7
E14001059,Wythenshawe and Sale Eas,100,5,17.5,24.8,34,12,78.7
E14000668,Doncaster Central,100,5,30.3,18.5,35,11.4,78.7
W07000055,Newport East,100,5,15,20.5,40,7.2,78.7
E14000716,Great Grimsby,100,5,21.4,14.5,34,5,78.7
E14000782,Leicester East,100,5,26.1,18.3,43,43.3,78.8
E14000939,South Holland and The De,100,5,9.5,17.1,52,8.9,78.8
E14001009,Wakefield,100,5,29.5,20.5,42,8.7,78.8
W07000065,Preseli Pembrokeshire,100,5,34.6,25.4,37,4.5,78.8
E14001058,Wyre Forest,100,5,16.9,22.1,42,3.9,78.8
S14000047,Motherwell and Wishaw,100,5,40.5,17.5,40,3.6,78.8
S14000038,Inverclyde,100,5,31.8,19.7,43,2.6,78.8
E14000618,Cannock Chase,100,5,14.4,17.2,36,2.5,78.8
E14000805,Makerfield,100,5,21.1,19.4,42,2.5,78.8
E14001051,Wolverhampton South West,100,5,11.3,28.6,38,19.6,78.9
W07000056,Newport West,100,5,36.8,26.5,35,8.5,78.9
S14000006,"Ayr, Carrick and Cumnock",100,5,34.1,21,44,2.9,78.9
S14000011,"Coatbridge, Chryston and Bellshill",100,5,17.4,17,43,2.7,78.9
E14000588,Bradford South,100,5,13.9,16.1,44,11.2,79
E14000706,Fylde,100,5,16.4,30,40,4.9,79
E14000854,North Warwickshire,100,5,8.5,18.4,34,4.5,79
E14000835,Newton Abbot,100,5,18.4,25.5,45,4.5,79
S14000056,Rutherglen and Hamilton West,100,5,20,19.7,41,3.8,79
S14000036,Glenrothes,100,5,44.5,15.8,36,3.5,79
E14000647,Copeland,100,5,47.1,23.1,45,3.2,79
E14000831,Newcastle upon Tyne Cent,100,5,25.7,26.6,31,21.6,79.1
E14000885,Preston,100,5,30.5,19.3,41,16.2,79.1
E14000597,"Brighton, Kemptown",100,5,29.1,27,41,13.2,79.1
W07000080,Cardiff South and Penart,100,5,25.1,29.4,43,13.2,79.1
E14000952,South West Norfolk,100,5,12.1,17.7,37,9.7,79.1
E14001000,Torridge and West Devon,100,5,16.5,25.3,39,3.8,79.1
E14000695,Erewash,100,5,20.3,18.9,43,3.8,79.1
W07000046,Gower,100,5,22.4,31.7,41,3.5,79.1
E14000756,Huddersfield,100,5,19.5,23.7,38,16.6,79.2
E14000899,Rochford and Southend Ea,100,5,22.6,19.5,35,10.4,79.2
E14000870,Oldham East and Saddlewo,100,5,19.5,21.6,39,10,79.2
N06000017,Upper Bann,100,5,null,21.5,40,7.5,79.2
W07000064,Ceredigion,100,5,28.5,27.9,39,6,79.2
E14000834,Newcastle-under-Lyme,100,5,13,22.7,40,6,79.2
E14000658,Darlington,100,5,27.4,22,34,5.5,79.2
E14000595,Bridgwater and West Some,100,5,21,21.7,38,5.2,79.2
W07000058,Aberconwy,100,5,23.4,27.1,39,4.6,79.2
E14000966,Staffordshire Moorlands,100,5,15.4,24.1,43,2.3,79.2
E14000562,"Birmingham, Hall Green",100,5,18.7,27,42,31.8,79.3
E14000566,"Birmingham, Perry Barr",100,5,20.9,19.2,33,29.8,79.3
W07000079,Cardiff West,100,5,29.8,31.6,33,10.2,79.3
E14000601,Bristol South,100,5,18.4,24.3,38,8.3,79.3
E14000938,South East Cornwall,100,5,14.1,26.3,47,4,79.3
E14000876,Penistone and Stocksbrid,100,5,13,24.5,31,2.6,79.3
E14000914,Scunthorpe,100,5,21.7,16.9,40,9.4,79.4
E14000828,New Forest West,100,5,14.2,28.8,36,6.5,79.4
W07000054,Monmouth,100,5,29.3,33.9,43,4.6,79.4
E14001006,Tynemouth,100,5,24.2,30.6,40,4,79.4
W07000062,Clwyd South,100,5,16.6,22.3,42,3.6,79.4
W07000061,Dwyfor Meirionnydd,100,5,22.3,25,42,2.9,79.4
E14000649,Coventry North East,100,5,32.2,19.3,45,24.4,79.5
E14000587,Bradford East,100,5,23,15.7,31,23,79.5
E14000643,Cleethorpes,100,5,12.2,19,34,3.4,79.5
S14000048,North Ayrshire and Arran,100,5,26.3,21.4,34,2.7,79.5
E14000989,Telford,100,5,14.9,18.3,36,6.4,79.6
E14000936,South Dorset,100,5,21,24.1,42,5.5,79.6
E14000596,Brigg and Goole,100,5,16.8,20.6,35,4.9,79.6
S14000053,Paisley and Renfrewshire South,100,5,42.6,22.5,36,4.8,79.6
E14000976,Stourbridge,100,5,18.3,21.9,40,4.8,79.6
E14000622,Castle Point,100,5,21,14.6,46,3.6,79.6
E14000736,Havant,100,5,15.4,22.2,37,5.1,79.7
E14001044,Wirral West,100,5,47.2,32.6,42,4.1,79.7
S14000029,Glasgow Central,100,5,19.6,34.6,47,24.7,79.8
E14000927,Sittingbourne and Sheppe,100,5,18.4,16.5,45,5.6,79.8
E14000620,Carlisle,100,5,25.2,20.9,35,5.3,79.8
S14000042,Lanark and Hamilton East,100,5,34.6,23.6,41,3,79.8
E14000589,Bradford West,100,5,31.5,19.7,41,32.4,79.9
E14000979,Stretford and Urmston,100,5,12,25.5,42,13.2,79.9
E14000723,Halifax,100,5,36.4,19.8,43,11.1,79.9
E14000969,Stockport,100,5,15.4,27.3,42,7.9,79.9
E14000863,Norwich North,100,5,17.4,19.8,44,7.3,79.9
E14000641,City of Durham,100,5,36.2,29.3,27,7.1,79.9
W07000078,Vale of Glamorgan,100,5,23.4,27.2,45,4.4,79.9
E14000902,Rossendale and Darwen,100,5,15.8,24.9,44,4.1,79.9
E14000707,Gainsborough,100,5,18,25.2,41,4,79.9
E14000781,Leeds West,100,5,23.7,22,38,9.8,80
W07000044,Wrexham,100,5,31.1,23.8,36,8.7,80
E14000816,Mid Norfolk,100,5,19.8,21.3,42,5.7,80
N06000010,Mid Ulster,100,5,null,20.5,38,5.3,80
W07000063,Montgomeryshire,100,5,19.6,24.7,38,3.8,80
E14000585,Bournemouth West,100,5,12.7,23.4,44,13,80.1
E14000548,Batley and Spen,100,5,17.9,19.2,44,9.8,80.1
E14000612,Bury South,100,5,25.5,25.3,43,9,80.1
E14001026,Wells,100,5,12,26.5,42,5.7,80.1
N06000016,Strangford,100,5,null,23.1,39,3.8,80.1
E14000710,Gedling,100,5,22.7,24.3,46,6,80.2
E14001031,West Dorset,100,5,30,30.8,45,5.6,80.2
N06000006,East Londonderry,100,5,null,22.2,47,4.9,80.2
E14000838,North Devon,100,5,18.5,22.9,42,4.5,80.2
N06000005,East Antrim,100,5,null,23.9,41,4.1,80.2
E14000738,Hazel Grove,100,5,11.5,27.9,42,4,80.2
E14000772,Kingston upon Hull North,100,5,22.8,18.9,38,10.8,80.3
E14000868,Nuneaton,100,5,24.2,19.4,35,6.7,80.3
E14000981,Suffolk Coastal,100,5,13.3,26.9,38,5.9,80.3
S14000041,Kirkcaldy and Cowdenbeath,100,5,31.5,21.4,40,5.1,80.3
E14001033,West Lancashire,100,5,16.7,25.2,43,3.9,80.3
E14000705,Forest of Dean,100,5,15.4,24.6,43,3.9,80.3
W07000042,Delyn,100,5,29.4,23.8,42,3.6,80.3
E14000916,Sefton Central,100,5,25.6,29.4,28,3,80.3
E14000878,Peterborough,100,5,19.8,17.7,41,24.6,80.4
E14000657,Dagenham and Rainham,100,5,21,17.6,38,20.2,80.4
E14000793,"Liverpool, Riverside",100,5,20.1,29.7,42,17.7,80.4
S14000034,Glasgow South,100,5,32.7,31.4,38,9.5,80.4
E14000996,Tiverton and Honiton,100,5,14.7,25.3,37,4.8,80.4
E14000688,Ellesmere Port and Nesto,100,5,12.3,23.7,39,4.1,80.4
S14000013,Dumfries and Galloway,100,5,26.1,22,36,3.7,80.4
E14000799,Ludlow,100,5,12.3,28.4,45,3.5,80.4
E14000687,Edmonton,100,5,28.4,22.3,33,43,80.5
E14000865,Nottingham East,100,5,23.8,26,40,24.7,80.5
E14000784,Leicester West,100,5,23.9,19.9,37,23.1,80.5
E14000864,Norwich South,100,5,18,30.7,35,13.5,80.5
E14000599,Bristol East,100,5,19.7,23.1,44,12.7,80.5
N06000011,Newry and Armagh,100,5,null,21.3,41,9.6,80.5
E14000682,East Worthing and Shoreh,100,5,13.9,23.7,37,7.3,80.5
E14000786,Lewes,100,5,20.9,31.4,30,7.1,80.5
E14000556,Beverley and Holderness,100,5,33.1,27.3,36,3.2,80.5
E14000650,Coventry North West,100,5,21.3,22.9,44,16.2,80.6
E14000945,South Staffordshire,100,5,17.5,24.5,42,2.8,80.6
S14000010,Central Ayrshire,100,5,19,21.5,39,2.7,80.6
E14000662,Derby North,100,5,35.9,26.9,46,10.8,80.7
E14000611,Bury North,100,5,23.4,26.1,34,8.4,80.7
E14000580,Bolton West,100,5,11.6,27.3,27,5.2,80.7
N06000012,North Antrim,100,5,null,20.9,38,4.6,80.7
S14000040,Kilmarnock and Loudoun,100,5,34.8,19.2,31,2.5,80.7
E14000880,"Plymouth, Sutton and Dev",100,5,14.9,24.6,40,10.8,80.8
E14000666,Dewsbury,100,5,16.6,22.6,41,9.9,80.8
E14000776,Lancaster and Fleetwood,100,5,26.7,26.5,42,8.2,80.8
E14000743,Hereford and South Heref,100,5,19.7,25.2,34,7.5,80.8
E14001017,Warrington North,100,5,12.7,22.7,43,5.3,80.8
E14000678,East Devon,100,5,18.5,31.1,45,5.3,80.8
E14001035,West Worcestershire,100,5,14,33.7,37,4.8,80.8
E14000567,"Birmingham, Selly Oak",100,5,24.5,26.9,33,14.3,80.9
E14001025,Wellingborough,100,5,11.3,19.7,40,10.6,80.9
E14000881,Poole,100,5,17.5,26.3,44,8.8,80.9
E14000933,South Basildon and East,100,5,32.1,15.6,45,6.5,80.9
E14000847,North Herefordshire,100,5,11.7,30.1,43,5.7,80.9
E14000564,"Birmingham, Ladywood",100,5,26.7,24.9,39,40.3,81
E14000792,Lincoln,100,5,25.3,21.9,34,9.3,81
E14000751,Hornchurch and Upminster,100,5,19.3,20,41,9,81
E14000929,Sleaford and North Hykeh,100,5,15.3,26.1,42,5,81
E14000858,North West Leicestershir,100,5,10.4,24.3,46,3.9,81
E14001043,Wirral South,100,5,19.6,30.7,44,3.6,81
S14000012,"Cumbernauld, Kilsyth and Kirkintilloch East",100,5,23.8,19.8,38,2.9,81
E14001002,Tottenham,100,5,19,29.3,46,52.2,81.1
E14000584,Bournemouth East,100,5,23.2,28.1,34,15.9,81.1
E14000600,Bristol North West,100,5,27.1,32.4,43,13.4,81.1
E14001060,Yeovil,100,5,17.5,23,31,6.1,81.1
E14000993,Thirsk and Malton,100,5,17.1,28,41,4.3,81.1
E14000986,Tamworth,100,5,11.7,19.6,32,3.9,81.1
E14001024,Weaver Vale,100,5,13.7,27.6,41,3.8,81.1
E14000637,Chorley,100,5,18,27.8,43,3.7,81.1
E14000975,Stone,100,5,11.3,30.4,35,3.2,81.1
E14000690,Eltham,100,5,30.7,27.8,40,20.4,81.2
E14000560,"Birmingham, Edgbaston",100,5,36.6,32.4,32,19.7,81.2
UK,UK,100,5,null,27,39,12.7,81.2
N06000007,Fermanagh and South Tyrone,100,5,null,21.2,41,12.3,81.2
E14000766,Keighley,100,5,23.9,26.7,38,9.6,81.2
E14000992,The Wrekin,100,5,25.2,24.7,40,7.7,81.2
E14000729,Harlow,100,5,20.2,18.4,43,10.9,81.3
E14000610,Burton,100,5,16.4,22,33,9.2,81.3
E14000607,Broxtowe,100,5,16.6,30.3,41,8.4,81.3
E14000957,Southend West,100,5,38,23.7,35,8.2,81.3
E14000653,Crewe and Nantwich,100,5,11.8,24.2,42,6.9,81.3
E14000829,Newark,100,5,18.1,28,46,5.7,81.3
E14001057,Wyre and Preston North,100,5,30.9,32,42,5.1,81.3
E14000603,Broadland,100,5,9.8,24,38,4,81.3
E14000540,Barking,100,5,20,21.8,43,33.6,81.4
E14000808,"Manchester, Gorton",100,5,23.1,26,42,32.6,81.4
E14000861,Northampton North,100,5,12.9,21.5,31,15.2,81.4
E14000734,Harwich and North Essex,100,5,13.7,24.3,33,6.4,81.4
E14000812,Meriden,100,5,14.7,26.2,40,5.7,81.4
N06000013,North Down,100,5,null,30.3,39,5.4,81.4
E14001003,Truro and Falmouth,100,5,24.9,31.7,40,5.3,81.4
E14000849,North Shropshire,100,5,15.6,24.9,27,4.8,81.4
E14000614,Calder Valley,100,5,10.8,29.9,45,3.9,81.4
E14000777,Leeds Central,100,5,21.5,21.9,41,21.3,81.5
E14000715,Gravesham,100,5,22.2,20,34,14.1,81.5
E14000713,Gosport,100,5,20.2,23,40,5.9,81.5
N06000015,South Down,100,5,null,23.9,35,5.5,81.5
E14000943,South Ribble,100,5,17.5,27.5,44,3.7,81.5
E14000877,Penrith and The Border,100,5,18.8,26.9,44,3.2,81.5
E14000761,Ipswich,100,5,26.7,21.8,46,12.9,81.6
E14000832,Newcastle upon Tyne East,100,5,36.4,28.1,40,12.2,81.6
E14000955,"Southampton, Itchen",100,5,13.5,20.7,34,12.1,81.6
E14000988,Taunton Deane,100,5,28.5,28.1,33,7.1,81.6
E14000748,High Peak,100,5,23.2,29.4,33,3.6,81.6
E14000807,Manchester Central,100,5,16.6,29.7,44,30.3,81.7
E14000552,Bedford,100,5,23.9,25.1,41,22.7,81.7
S14000009,"Caithness, Sutherland and Easter Ross",100,5,29.2,21.1,41,3.7,81.7
S14000027,Na h-Eileanan an Iar,100,5,42.2,26.4,45,2.9,81.7
E14000712,Gloucester,100,5,27.5,21.8,36,10.8,81.8
E14000892,Redditch,100,5,15.8,21.7,44,7.7,81.8
E14000645,Colne Valley,100,5,29,29.8,41,7.6,81.8
E14000544,Basildon and Billericay,100,5,14.6,20.6,41,7.5,81.8
E14000714,Grantham and Stamford,100,5,15.2,24.8,47,7.5,81.8
E14000965,Stafford,100,5,31.4,28.4,43,6.9,81.8
E14000623,Central Devon,100,5,11.6,30.9,39,4.9,81.8
W07000043,Alyn and Deeside,100,5,11.1,21.3,37,4.7,81.8
E14000826,Morley and Outwood,100,5,20.2,22.9,43,4.3,81.8
S14000052,Paisley and Renfrewshire North,100,5,9.4,23.6,40,3.8,81.8
E14000686,Eddisbury,100,5,27.3,30,35,3.3,81.8
E14000664,Derbyshire Dales,100,5,26,33.8,42,3.3,81.8
S14000016,Dundee West,100,5,36.7,25.3,43,10.5,81.9
E14000711,Gillingham and Rainham,100,5,31,19.1,42,10.2,81.9
E14000818,Mid Worcestershire,100,5,14.2,27.6,42,6,81.9
E14000814,Mid Derbyshire,100,5,17.3,31.3,40,4.1,81.9
E14000583,Bosworth,100,5,10.6,23.7,32,4,81.9
E14000791,Lichfield,100,5,13.8,29.3,32,3.6,81.9
E14000689,Elmet and Rothwell,100,5,15.5,27.6,40,3.5,81.9
E14000676,"Ealing, Southall",100,5,26.3,30.8,35,52.4,82
E14000721,Hackney South and Shored,100,5,13.7,41.5,45,40.2,82
E14000763,Islington North,100,5,31.5,48.8,41,34.6,82
E14000787,Lewisham East,100,5,24.2,34.3,41,30,82
E14000691,Enfield North,100,5,26.7,25.9,36,27.2,82
E14000651,Coventry South,100,5,14,26.8,46,22.7,82
E14000931,Solihull,100,5,17.9,31.1,41,9.4,82
E14000883,Portsmouth North,100,5,23.8,20.7,28,7.6,82
N06000009,Lagan Valley,100,5,null,28.1,39,5.6,82
E14000926,Shrewsbury and Atcham,100,5,28.7,29.3,46,5.6,82
E14000935,South Derbyshire,100,5,14.9,26,41,3.9,82
S14000028,Falkirk,100,5,39.6,21.2,40,3.5,82
E14000746,Hexham,100,5,17.9,35.9,41,3.5,82
E14000646,Congleton,100,5,14.2,31,46,3.3,82.1
E14000783,Leicester South,100,5,22.9,24.8,31,33.8,82.2
E14000759,Ilford North,100,5,23.4,30.1,45,30.8,82.2
E14000800,Luton North,100,5,39.3,21.8,42,27.1,82.2
E14000634,Chingford and Woodford G,100,5,17,29.4,45,19.8,82.2
E14000558,Bexleyheath and Crayford,100,5,16.9,20.3,36,12,82.2
E14000648,Corby,100,5,11.6,20.7,37,10.1,82.2
E14000898,Rochester and Strood,100,5,20.3,20.5,42,9.3,82.2
E14000954,South West Wiltshire,100,5,15.6,25.1,40,8.3,82.2
E14001037,Westmorland and Lonsdale,100,5,14.8,33.3,41,5.2,82.2
S14000043,Linlithgow and East Falkirk,100,5,21.2,21.5,37,4.3,82.2
S14000014,"Dumfriesshire, Clydesdale and Tweeddale",100,5,29.4,24.8,40,3.8,82.2
E14001036,Westminster North,100,5,14.2,47.3,39,53.6,82.3
E14000862,Northampton South,100,5,22.6,22.8,32,19.3,82.3
E14000779,Leeds North East,100,5,24.9,40.7,42,18.1,82.3
E14000626,Chatham and Aylesford,100,5,14.6,18.1,42,9.6,82.3
E14000932,Somerton and Frome,100,5,13.2,28.9,42,5.8,82.3
E14000971,Stockton South,100,5,14,27.1,39,5.3,82.3
S14000005,Argyll and Bute,100,5,30.6,28.9,38,4.9,82.3
E14000941,South Norfolk,100,5,28,27.5,45,4.8,82.3
E14000591,Brent Central,100,5,13.1,29.8,43,54.2,82.4
E14000731,Harrow East,100,5,19.9,32.7,43,46.9,82.4
E14000555,Bethnal Green and Bow,100,5,29.2,39.6,39,40.7,82.4
E14000905,Rugby,100,5,12.6,26.7,42,11.8,82.4
E14000769,Kettering,100,5,21.6,23.3,31,8.5,82.4
E14000633,Chichester,100,5,20.8,32.4,39,8.2,82.4
E14001052,Worcester,100,5,27.4,27.7,43,8.2,82.4
E14000640,City of Chester,100,5,20.9,33.8,36,7.5,82.4
E14000946,South Suffolk,100,5,13.2,26,39,5,82.4
E14000950,South West Devon,100,5,17.3,28.1,45,4.1,82.4
S14000019,"East Kilbride, Strathaven and Lesmahagow",100,5,26.7,22.5,46,3.4,82.4
E14000701,Feltham and Heston,100,5,15.1,25.8,38,43.7,82.5
E14000750,Holborn and St Pancras,100,5,12.3,45.2,34,40.3,82.5
E14000827,New Forest East,100,5,17.2,25.8,41,5.6,82.5
E14000802,Macclesfield,100,5,19.5,35,32,5.2,82.5
N06000014,South Antrim,100,5,null,24.3,39,4.9,82.5
E14000605,Bromsgrove,100,5,15.1,30.5,35,4,82.5
E14000900,Romford,100,5,28.8,20.6,35,11.3,82.6
E14000764,Islington South and Fins,100,5,14.1,47.4,37,36.3,82.7
E14000867,Nottingham South,100,5,19.1,25.3,37,22.2,82.7
E14000755,Hove,100,5,18.6,38.4,36,16,82.7
E14000536,Ashford,100,5,19.1,24.3,44,9.5,82.7
W07000057,Arfon,100,5,37.3,27.9,41,6.8,82.7
E14000700,Faversham and Mid Kent,100,5,16.9,25.3,39,6.3,82.7
E14000624,Central Suffolk and Nort,100,5,16.1,26.7,44,5.5,82.7
E14000724,Haltemprice and Howden,100,5,24.8,30.8,42,3.9,82.7
E14000619,Canterbury,100,5,17.9,29.7,37,13.3,82.8
N06000003,Belfast South,100,5,null,39,43,12.4,82.8
E14000977,Stratford-on-Avon,100,5,10.6,33.6,32,6.7,82.8
E14000925,Shipley,100,5,23.3,31.7,44,5.9,82.8
E14000654,Croydon Central,100,5,24.2,29.6,43,25.8,82.9
E14000956,"Southampton, Test",100,5,33,26.9,30,21,82.9
E14000968,Stevenage,100,5,22.2,23.9,39,11.3,82.9
W07000051,Cardiff North,100,5,39.6,37.4,48,8.6,82.9
E14000912,Salisbury,100,5,26,32.2,50,8.3,82.9
E14000980,Stroud,100,5,13.2,32.1,29,5.4,82.9
S14000045,Midlothian,100,5,25.9,21.1,32,4,82.9
E14000894,Ribble Valley,100,5,14.9,30,34,3.6,82.9
E14001032,West Ham,100,5,24.5,30.5,32,52,83
E14001013,Walthamstow,100,5,25.5,31.3,34,43,83
E14000655,Croydon North,100,5,22.9,30.5,37,40.8,83
E14000801,Luton South,100,5,12.5,22.8,43,33.1,83
S14000031,Glasgow North,100,5,22.4,40.6,31,16.7,83
E14000884,Portsmouth South,100,5,20.8,26.2,30,16.4,83
E14000995,Thurrock,100,5,14.9,18.1,43,14.7,83
E14000728,Harborough,100,5,15.9,27.7,42,11.1,83
E14000869,Old Bexley and Sidcup,100,5,21.8,22.6,38,9.9,83
S14000015,Dundee East,100,5,22.1,26.4,44,5.8,83
E14001045,Witham,100,5,11.5,23.8,45,5.3,83
E14000806,Maldon,100,5,16.6,24.2,33,4.3,83
E14000888,Rayleigh and Wickford,100,5,20.1,19.9,40,3.9,83
E14000592,Brent North,100,5,29,32.9,42,59.3,83.1
E14000679,East Ham,100,5,26,29.8,44,55.5,83.1
E14000760,Ilford South,100,5,29.5,32.5,35,46.6,83.1
E14000675,Ealing North,100,5,16.8,30.4,39,46.5,83.1
E14000788,Lewisham West and Penge,100,5,20.9,37.4,38,27.7,83.1
E14000947,South Swindon,100,5,19.6,24.7,43,16.7,83.1
E14000698,Exeter,100,5,26.6,27.9,34,11.5,83.1
E14000693,Epping Forest,100,5,16.2,26.3,38,10.4,83.1
E14000987,Tatton,100,5,5.6,37.4,43,6.2,83.1
E14000737,Hayes and Harlington,100,5,8,23,35,40.3,83.2
E14000692,"Enfield, Southgate",100,5,14,38.2,40,34.3,83.2
E14001034,West Suffolk,100,5,13.7,20.2,45,15.8,83.2
E14000606,Broxbourne,100,5,9.9,19.9,28,11.7,83.2
E14000990,Tewkesbury,100,5,11.6,29.7,42,6.7,83.2
E14000839,North Dorset,100,5,16.8,27.5,35,6.2,83.2
S14000044,Livingston,100,5,21,19.9,35,6.2,83.2
E14000928,Skipton and Ripon,100,5,12.3,31.5,45,5.7,83.2
E14000815,Mid Dorset and North Poo,100,5,18.2,27.1,32,5.1,83.2
E14000846,North East Somerset,100,5,15.6,28.6,39,4.7,83.2
E14000917,Selby and Ainsty,100,5,11.2,27.8,41,4.6,83.2
E14000823,Mitcham and Morden,100,5,17.3,28.2,39,40.3,83.3
E14000696,Erith and Thamesmead,100,5,22.6,24.9,40,30.6,83.3
E14000739,Hemel Hempstead,100,5,15.5,26.1,32,11.5,83.3
E14000804,Maidstone and The Weald,100,5,28.2,27.2,38,11,83.3
E14000659,Dartford,100,5,14.8,22.3,37,10.9,83.3
E14000627,Cheadle,100,5,20.9,36.7,44,8.5,83.3
E14000590,Braintree,100,5,16.9,22,41,6,83.3
E14000774,Kingswood,100,5,13.7,22.2,42,4.5,83.3
E14000604,Bromley and Chislehurst,100,5,15.1,33.1,30,15.2,83.4
E14000625,Charnwood,100,5,22.2,26.3,40,7.7,83.4
E14000985,Sutton Coldfield,100,5,20,34.9,40,7.4,83.4
E14000613,Bury St Edmunds,100,5,19.4,26.4,41,7.3,83.4
E14000635,Chippenham,100,5,18.9,29.9,42,6.9,83.4
S14000007,Banff and Buchan,100,5,21.5,18.6,48,6.4,83.4
S14000004,Angus,100,5,27.5,21,32,4.7,83.4
E14000615,Camberwell and Peckham,100,5,31,37.6,44,40.8,83.5
E14000652,Crawley,100,5,10.9,21.5,44,20.3,83.5
E14000797,Loughborough,100,5,11.8,27.6,34,12.1,83.5
S14000008,"Berwickshire, Roxburgh and Selkirk",100,5,30.4,25,40,5.1,83.5
E14000886,Pudsey,100,5,15.1,32.4,45,5.4,83.6
S14000017,Dunfermline and West Fife,100,5,24.1,24.7,37,4.4,83.6
E14000720,Hackney North and Stoke,100,5,12.5,42.1,48,38,83.7
E14000621,Carshalton and Wallingto,100,5,26.4,27.2,28,17.7,83.7
E14000991,The Cotswolds,100,5,10.4,34.4,39,6.8,83.7
E14000895,Richmond (Yorks),100,5,29.2,29.7,44,6.2,83.7
E14000660,Daventry,100,5,11.5,28.6,44,5.6,83.7
E14000790,Leyton and Wanstead,100,5,25.9,36.3,39,43.1,83.8
E14000930,Slough,100,5,17.6,25.9,42,39.3,83.8
E14000851,North Swindon,100,5,14.2,20.8,37,9.3,83.8
E14000949,South West Bedfordshire,100,5,12.2,24.4,42,9,83.8
E14000534,Arundel and South Downs,100,5,9.2,33,39,6.7,83.8
E14000850,North Somerset,100,5,14.4,34,35,5.1,83.8
E14000636,Chipping Barnet,100,5,26.3,39.3,32,29.2,83.9
E14000809,"Manchester, Withington",100,5,31.8,45.1,39,17.8,83.9
E14000959,Spelthorne,100,5,13.7,25.9,39,14.1,83.9
E14000644,Colchester,100,5,25.2,26.9,37,13.3,83.9
E14001061,York Central,100,5,26.5,32.7,41,11.8,83.9
E14000855,North West Cambridgeshir,100,5,11.1,25.5,29,10.6,83.9
E14000872,Orpington,100,5,18.5,28.4,35,10,83.9
E14001023,Wealden,100,5,12.8,30.2,34,7.4,83.9
E14001062,York Outer,100,5,9.7,32.1,45,6.4,83.9
S14000020,East Lothian,100,5,25.6,27,40,5.3,83.9
S14000001,Aberdeen North,100,5,37,29,41,18.9,84
E14000594,Brentwood and Ongar,100,5,12.9,28.7,42,7.6,84
E14000940,South Leicestershire,100,5,11.8,25.7,43,5.5,84
S14000050,Ochil and South Perthshire,100,5,17.9,27.7,40,4.9,84
E14000730,Harrogate and Knaresboro,100,5,18.9,34.7,47,9.6,84.1
E14000699,Fareham,100,5,17.9,29.5,47,5.7,84.1
E14000994,Thornbury and Yate,100,5,14.4,28.1,43,4.7,84.1
E14000882,Poplar and Limehouse,100,5,10.1,42.5,27,45.4,84.2
E14000718,Greenwich and Woolwich,100,5,25.1,40,41,35.8,84.2
E14000890,Reading West,100,5,16.2,27.7,44,17.9,84.2
E14001019,Warwick and Leamington,100,5,19.5,36.9,43,12.7,84.2
E14000845,North East Hertfordshire,100,5,10.1,31.2,39,8.2,84.2
E14001018,Warrington South,100,5,20.4,31.7,47,6.1,84.2
E14000741,Hendon,100,5,24.2,35.2,44,44.1,84.3
E14000789,"Lewisham, Deptford",100,5,23.7,41.6,45,39,84.3
E14000685,Eastleigh,100,5,14.1,26,40,7,84.3
E14000909,Rutland and Melton,100,5,13.5,29.9,46,5.8,84.3
S14000055,"Ross, Skye and Lochaber",100,5,26.8,28.5,45,5.2,84.3
E14000732,Harrow West,100,5,14.6,38.5,40,46.7,84.4
E14000906,"Ruislip, Northwood and P",100,5,18.1,39.3,44,24.6,84.4
S14000022,Edinburgh East,100,5,31.4,35.2,43,19.1,84.4
E14000745,Hertsmere,100,5,10.8,30.8,41,17,84.4
E14000630,Cheltenham,100,5,23.6,36.7,40,11.5,84.4
E14000811,Meon Valley,100,5,9.7,31.8,47,5.7,84.4
E14000757,Huntingdon,100,5,24.3,28.5,34,11.1,84.5
E14000767,Kenilworth and Southam,100,5,11.5,38,30,6.9,84.5
E14000656,Croydon South,100,5,9.8,35.3,44,19.8,84.6
W07000050,Cardiff Central,100,5,19.5,33.5,36,18.9,84.6
E14000547,Bath,100,5,20.4,38,38,13.8,84.6
E14000857,North West Hampshire,100,5,16,28.3,40,8.1,84.6
E14000726,Hammersmith,100,5,20.1,47.5,42,44.6,84.7
E14000919,Sheffield Central,100,5,26.6,32.6,38,22.5,84.7
E14000822,Milton Keynes South,100,5,18.2,27,40,17.7,84.7
E14000702,Filton and Bradley Stoke,100,5,22.3,29.6,42,10.3,84.7
E14000918,Sevenoaks,100,5,11.1,32.5,40,8.6,84.7
E14000997,Tonbridge and Malling,100,5,13.3,30.4,35,7.5,84.7
S14000057,Stirling,100,5,21,33.3,40,7.1,84.7
E14000908,Rushcliffe,100,5,22.2,39.9,39,6.9,84.7
E14001007,Uxbridge and South Ruisl,100,5,13.2,27.7,42,24.2,84.8
E14001021,Watford,100,5,34.3,31.6,26,22.1,84.8
E14000984,Sutton and Cheam,100,5,16.4,32.9,31,22,84.8
E14001027,Welwyn Hatfield,100,5,12.2,29.9,42,17.5,84.8
S14000049,North East Fife,100,5,14.9,33.9,40,10.3,84.8
S14000054,Perth and North Perthshire,100,5,26.1,28.7,44,7.6,84.8
E14000841,North East Bedfordshire,100,5,14,30.1,32,7.3,84.8
E14001008,Vauxhall,100,5,18.6,48.7,39,41,84.9
E14000681,East Surrey,100,5,11.1,31.4,33,9.4,84.9
E14000860,North Wiltshire,100,5,10.5,32.1,35,6.8,84.9
E14000532,Altrincham and Sale West,100,5,7.3,40.3,33,9.5,85
E14000628,Chelmsford,100,5,30.2,29.6,39,9.1,85
S14000046,Moray,100,5,25.8,22.7,43,5.3,85
E14000703,Finchley and Golders Gre,100,5,9.8,46.5,38,42.4,85.1
E14000539,Banbury,100,5,15.9,27.3,42,11.2,85.1
E14000937,South East Cambridgeshir,100,5,9.1,34.3,44,11.2,85.1
E14001004,Tunbridge Wells,100,5,14.1,34.9,42,10.1,85.1
E14000673,Dulwich and West Norwood,100,5,38.7,47.6,41,32.4,85.2
E14000901,Romsey and Southampton N,100,5,14.7,34.1,34,12.9,85.2
E14000780,Leeds North West,100,5,14.2,33.3,39,8.6,85.2
E14000922,"Sheffield, Hallam",100,5,26.3,43.6,46,7.4,85.2
S14000039,"Inverness, Nairn, Badenoch and Strathspey",100,5,30.6,28.1,41,7.2,85.2
E14000553,Bermondsey and Old South,100,5,18.9,44.5,41,41.9,85.3
E14000598,"Brighton, Pavilion",100,5,14.1,40.4,39,15.9,85.3
E14000538,Aylesbury,100,5,25.8,30,40,13,85.3
E14000680,East Hampshire,100,5,11.2,34.1,40,8.9,85.3
E14001046,Witney,100,5,12.2,32.9,41,8.1,85.3
E14000727,Hampstead and Kilburn,100,5,21.4,54,43,45.9,85.4
E14000752,Hornsey and Wood Green,100,5,17.3,52,43,36.7,85.4
E14000821,Milton Keynes North,100,5,8.7,29.5,36,19.5,85.4
E14000910,Saffron Walden,100,5,23.1,31.3,43,7.1,85.4
E14000978,Streatham,100,5,19.7,46.6,39,38.9,85.5
E14000770,Kingston and Surbiton,100,5,14.4,38.6,37,27.2,85.5
E14000674,Ealing Central and Acton,100,5,11.7,48.4,46,46.6,85.6
E14000593,Brentford and Isleworth,100,5,10.5,42.8,45,42.9,85.6
E14000545,Basingstoke,100,5,14.9,28,40,13,85.6
E14000893,Reigate,100,5,19.9,36.1,41,12.5,85.6
E14000824,Mole Valley,100,5,10.1,38.5,36,10.1,85.6
E14000665,Devizes,100,5,21.2,28.5,38,9,85.6
E14001015,Wantage,100,5,13.7,34.9,46,8.8,85.6
S14000021,East Renfrewshire,100,5,26.8,35.2,47,4.8,85.6
E14001056,Wycombe,100,5,11.7,31.4,43,19,85.7
E14000530,Aldershot,100,5,9.2,25,41,16.9,85.7
E14000551,Beckenham,100,5,12.9,35.5,31,13.2,85.7
E14000550,Beaconsfield,100,5,7.1,37,42,13.4,85.8
E14000951,South West Hertfordshire,100,5,10,38.2,42,12.2,85.8
E14001041,Winchester,100,5,26.3,41,40,10.1,85.8
E14000813,Mid Bedfordshire,100,5,13.9,31,43,7.9,85.8
E14000817,Mid Sussex,100,5,17.3,33.5,34,10.2,85.9
S14000018,East Dunbartonshire,100,5,20.5,38.3,43,4.8,85.9
S14000025,Edinburgh South West,100,5,28.3,38.6,41,15.9,86
E14000694,Epsom and Ewell,100,5,17.2,36.4,43,14.5,86
E14000830,Newbury,100,5,17.4,32.5,32,9.1,86
S14000026,Edinburgh West,100,5,29.8,36.2,32,9,86
E14000608,Buckingham,100,5,9.1,35.7,47,7.3,86
S14000051,Orkney and Shetland,100,5,38.1,26.6,37,4.3,86
E14000768,Kensington,100,5,10.3,52.2,40,52.3,86.1
E14000907,Runnymede and Weybridge,100,5,12.2,33.8,40,18.1,86.1
E14000742,Henley,100,5,11.3,38.7,37,9.1,86.1
E14000753,Horsham,100,5,12.3,32.2,42,8.8,86.1
E14000744,Hertford and Stortford,100,5,12.6,33.9,37,8.8,86.2
E14000873,Oxford East,100,5,24.4,37.7,49,27.7,86.3
E14000960,St Albans,100,5,16.6,44.5,43,15,86.3
E14000983,Surrey Heath,100,5,17.4,33.3,44,12.5,86.3
E14000934,South Cambridgeshire,100,5,26.8,41.8,43,11.9,86.3
E14000953,South West Surrey,100,5,10.2,40.7,35,10.8,86.3
E14000639,Cities of London and Wes,100,5,11.1,54.5,40,52,86.4
E14000586,Bracknell,100,5,13.6,30.5,33,12.6,86.4
E14001047,Woking,100,5,11.4,38,43,19.3,86.5
E14000998,Tooting,100,5,44.2,51.4,38,34.7,86.6
E14000617,Cambridge,100,5,12.8,46.8,33,29.6,86.6
E14000631,Chesham and Amersham,100,5,14.2,41,39,11.1,86.6
E14000942,South Northamptonshire,100,5,14.2,31.8,38,7.5,86.6
E14000874,Oxford West and Abingdon,100,5,13.4,43.4,47,18,86.7
E14000803,Maidenhead,100,5,9.9,39.5,44,15.4,86.7
S14000023,Edinburgh North and Leith,100,5,23.1,49.5,35,19.3,86.9
E14000749,Hitchin and Harpenden,100,5,9,43.1,41,10.7,86.9
E14000889,Reading East,100,5,15.3,38.4,41,24.4,87
E14000887,Putney,100,5,12.4,51.6,41,37.1,87.1
E14000602,Bristol West,100,5,22.9,47.2,37,22.9,87.1
S14000002,Aberdeen South,100,5,9.2,40.3,40,15.7,87.1
E14000697,Esher and Walton,100,5,8.2,42.8,36,17.4,87.2
E14000719,Guildford,100,5,17.9,40.6,40,17,87.2
E14000629,Chelsea and Fulham,100,5,18.7,53.7,39,43.4,87.3
S14000024,Edinburgh South,100,5,38.2,46.9,47,15.3,87.3
E14001005,Twickenham,100,5,12.8,49.5,39,21.1,87.4
E14001042,Windsor,100,5,7.9,37.7,47,17.3,87.5
E14001040,Wimbledon,100,5,12.5,54.4,36,35.1,88.1
E14001048,Wokingham,100,5,12.7,40.6,42,12.5,88.1
E14000844,North East Hampshire,100,5,9.8,38.9,42,9,88.2
S14000037,Gordon,100,5,9.9,28.2,34,5.5,88.2
E14000549,Battersea,100,5,11.7,57.4,38,34.5,88.3
E14000896,Richmond Park,100,5,17.8,55.2,34,29.9,88.4
S14000058,West Aberdeenshire and Kincardine,100,5,11.4,33.3,45,6.2,89
N,Northern Ireland,100,5,null,null,null,null,null
W,Wales,100,5,28.1,null,null,null,null
S,Scotland,100,5,25.5,null,null,null,null
E,England,100,5,19.2,null,null,null,null
